"concept_id","broader_id","related_id","language","preflabel","altlabel","hiddenlabel"
"000000002","","","ger","Sammelwerke","",""
"000000002","","","spa","","Obras Colectivas",""
"000000002","000000500","","","","",""
"000000005","","","ger","Sonstiges","",""
"000000005","","","spa","","Otras",""
"000000005","000000002","","","","",""
"000000006","","","ger","Topographie","",""
"000000006","","","spa","","Topografía",""
"000000006","000000500","","","","",""
"000000007","","","ger","Orte A-Z","",""
"000000007","","","spa","","Lugares, yacimientos A-Z",""
"000000007","000000006","","","","",""
"000000009","","","ger","Allgemeines","",""
"000000009","","","spa","","General",""
"000000009","000000500","","","","",""
"000000010","","","ger","Allgemeine Darstellungen","",""
"000000010","","","spa","","Temas generales",""
"000000010","000000009","","","","",""
"000000011","","","ger","Regionaldarstellungen, diachronisch","",""
"000000011","","","spa","","Temas regionales",""
"000000011","000000009","","","","",""
"000000012","","","ger","Forschungsgeschichte","",""
"000000012","","","spa","","Historiografía",""
"000000012","000000009","","","","",""
"000000014","","","ger","Museen, Sammlungen, Sonderausstellungen","",""
"000000014","","","spa","","Museos, Colecciones, Exposiciones",""
"000000014","000000009","","","","",""
"000000015","","","ger","Allgemein, Museologie","",""
"000000015","","","spa","","Generalidades, Museología",""
"000000015","000000014","","","","",""
"000000016","","","ger","Länder, Regionen und Provinzen","",""
"000000016","","","spa","","Países, regiones y provincias",""
"000000016","000000014","","","","",""
"000000017","","","ger","Orte","",""
"000000017","","","spa","","Lugares, yacimientos",""
"000000017","000000014","","","","",""
"000000019","","","ger","Ausgrabungen, Denkmalschutz (Gesetzgebung, Grabungsfirmen, usw.)","",""
"000000019","","","spa","","Patrimonio: Protección, Legislación, Museología, etc.",""
"000000019","000000009","","","","",""
"000000020","","","ger","Bibliographie","",""
"000000020","","","spa","","Bibliografía",""
"000000020","000000009","","","","",""
"000000021","","","ger","Lexika","",""
"000000021","","","spa","","Diccionarios",""
"000000021","000000009","","","","",""
"000000022","","","ger","Theorie","",""
"000000022","","","spa","","Teoría",""
"000000022","000000009","","","","",""
"000000023","","","ger","Vorgeschichte der Halbinsel","",""
"000000023","","","spa","","Prehistoria de la Península Ibérica",""
"000000023","000000500","","","","",""
"000000024","","","ger","Allgemein","",""
"000000024","","","spa","","Temas generales",""
"000000024","000000023","","","","",""
"000000025","","","ger","Allgemein","",""
"000000025","","","spa","","Temas generales",""
"000000025","000000024","","","","",""
"000000026","","","ger","Nordwesten (Galicia, Asturien, Kantabrien)","",""
"000000026","","","spa","","Noroeste (Galicia, Asturias, Cantabria)",""
"000000026","000000024","","","","",""
"000000027","","","ger","Nordosten (País Vasco, Navarra, La Rioja)","",""
"000000027","","","spa","","Noreste (País Vasco, Navarra, La Rioja)",""
"000000027","000000024","","","","",""
"000000028","","","ger","Katalonien und Andorra","",""
"000000028","","","spa","","Cataluña y Andorra)",""
"000000028","000000024","","","","",""
"000000029","","","ger","Osten (País Valenciano und Aragón)","",""
"000000029","","","spa","","Este (País Valenciano y Aragón)",""
"000000029","000000024","","","","",""
"000000030","","","ger","Mitte (Alt-Kastilien, Neu-Kastilien, Extremadura)","",""
"000000030","","","spa","","Centro (Castilla-León, Castilla-La Mancha, Extremadura)",""
"000000030","000000024","","","","",""
"000000031","","","ger","Süden (Andalusien, Murcia)","",""
"000000031","","","spa","","Sur (Andalucía, Murcia)",""
"000000031","000000024","","","","",""
"000000032","","","ger","Portugal","",""
"000000032","","","spa","","Portugal",""
"000000032","000000024","","","","",""
"000000033","","","ger","Übergreifende Themen","",""
"000000033","","","spa","","Clasificación temática",""
"000000033","000000023","","","","",""
"000000034","","","ger","Felsbilder, auch jüngere Perioden","",""
"000000034","","","spa","","Pinturas y grabados rupestres (todas las épocas)",""
"000000034","000000033","","","","",""
"000000035","","","ger","Allgemein","",""
"000000035","","","spa","","Temas generales",""
"000000035","000000034","","","","",""
"000000047","","","ger","Katalonien und Andorra","",""
"000000047","","","spa","","Cataluña y Andorra)",""
"000000047","000000043","","","","",""
"000000048","","","ger","Osten (País Valenciano und Aragón)","",""
"000000048","","","spa","","Este (País Valenciano y Aragón)",""
"000000048","000000043","","","","",""
"000000049","","","ger","Mitte (Alt-Kastilien, Neu-Kastilien, Extremadura)","",""
"000000049","","","spa","","Centro (Castilla-León, Castilla-La Mancha, Extremadura)",""
"000000049","000000043","","","","",""
"000000037","","","ger","Nordosten (País Vasco, Navarra, La Rioja)","",""
"000000037","","","spa","","Noreste (País Vasco, Navarra, La Rioja)",""
"000000037","000000034","","","","",""
"000000041","","","ger","Süden (Andalusien, Murcia)","",""
"000000041","","","spa","","Sur (Andalucía, Murcia)",""
"000000041","000000034","","","","",""
"000000042","","","ger","Portugal","",""
"000000042","","","spa","","Portugal",""
"000000042","000000034","","","","",""
"000000043","","","ger","Megalithbauten, Nekropolen (auch Menhire, Chromlechs, Kuppelgräber, Gra","",""
"000000043","","","spa","","Megalitismo (Incl. túmulos y cuevas artificiales)",""
"000000043","000000033","","","","",""
"000000044","","","ger","Allgemein","",""
"000000044","","","spa","","Temas generales",""
"000000044","000000043","","","","",""
"000000045","","","ger","Nordwesten (Galicia, Asturien, Kantabrien)","",""
"000000045","","","spa","","Noroeste (Galicia, Asturias, Cantabria)",""
"000000045","000000043","","","","",""
"000000046","","","ger","Nordosten (País Vasco, Navarra, Rioja)","",""
"000000046","","","spa","","Noreste (País Vasco, Navarra, La Rioja)",""
"000000046","000000043","","","","",""
"000000050","","","ger","Süden (Andalusien, Murcia)","",""
"000000050","","","spa","","Sur (Andalucía, Murcia)",""
"000000050","000000043","","","","",""
"000000051","","","ger","Portugal","",""
"000000051","","","spa","","Portugal",""
"000000051","000000043","","","","",""
"000000052","","","ger","Höhlen","",""
"000000052","","","spa","","Cuevas",""
"000000052","000000033","","","","",""
"000000053","","","ger","Allgemein","",""
"000000053","","","spa","","Temas generales",""
"000000053","000000052","","","","",""
"000000038","","","ger","Katalonien und Andorra","",""
"000000038","","","spa","","Cataluña y Andorra)",""
"000000038","000000034","","","","",""
"000000054","","","ger","Nordwesten (Galicia, Asturien, Kantabrien)","",""
"000000054","","","spa","","Noroeste (Galicia, Asturias, Cantabria)",""
"000000054","000000052","","","","",""
"000000055","","","ger","Nordosten (País Vasco, Navarra, La Rioja)","",""
"000000055","","","spa","","Noreste (País Vasco, Navarra, La Rioja)",""
"000000055","000000052","","","","",""
"000000056","","","ger","Katalonien und Andorra","",""
"000000056","","","spa","","Cataluña y Andorra)",""
"000000056","000000052","","","","",""
"000000057","","","ger","Osten (País Valenciano und Aragón)","",""
"000000057","","","spa","","Este (País Valenciano y Aragón)",""
"000000057","000000052","","","","",""
"000000058","","","ger","Mitte (Alt-Kastilien, Neu-Kastilien, Extremadura)","",""
"000000058","","","spa","","Centro (Castilla-León, Castilla-La Mancha, Extremadura)",""
"000000058","000000052","","","","",""
"000000036","","","ger","Nordwesten (Galicia, Asturien, Kantabrien)","",""
"000000036","","","spa","","Noroeste (Galicia, Asturias, Cantabria)",""
"000000036","000000034","","","","",""
"000000059","","","ger","Süden (Andalusien, Murcia)","",""
"000000059","","","spa","","Sur (Andalucía, Murcia)",""
"000000059","000000052","","","","",""
"000000060","","","ger","Portugal","",""
"000000060","","","spa","","Portugal",""
"000000060","000000052","","","","",""
"000000061","","","ger","Siedlungsarchäologie","",""
"000000061","","","spa","","Arqueología espacial",""
"000000061","000000033","","","","",""
"000000062","","","ger","Allgemein","",""
"000000062","","","spa","","Temas generales",""
"000000062","000000061","","","","",""
"000000063","","","ger","Siedlungsaktivitäten (Allg.)","",""
"000000063","","","spa","","Actividades de los poblados (general)",""
"000000063","000000061","","","","",""
"000000064","","","ger","Freilandstationen, Siedlungen","",""
"000000064","","","spa","","Estaciones al aire libre",""
"000000064","000000063","","","","",""
"000000065","","","ger","Muschelhaufen","",""
"000000065","","","spa","","Concheros",""
"000000065","000000063","","","","",""
"000000066","","","ger","Steinbearbeitungsplätze","",""
"000000066","","","spa","","Talleres de silex",""
"000000066","000000063","","","","",""
"000000067","","","ger","Bergbau","",""
"000000067","","","spa","","Minería",""
"000000067","000000063","","","","",""
"000000068","","","ger","Salzgewinnung","",""
"000000068","","","spa","","Obtención de sal",""
"000000068","000000063","","","","",""
"000000069","","","ger","Metallurgie","",""
"000000069","","","spa","","Metalurgia",""
"000000069","000000063","","","","",""
"000000070","","","ger","Navigation","",""
"000000070","","","spa","","Navegación",""
"000000070","000000063","","","","",""
"000000071","","","ger","Seeufersiedlungen, Pfahlbauten","",""
"000000071","","","spa","","Poblados lacustres,palafitos",""
"000000071","000000063","","","","",""
"000000072","","","ger","Gebäude","",""
"000000072","","","spa","","Edificaciones",""
"000000072","000000063","","","","",""
"000000073","","","ger","Gräber","",""
"000000073","","","spa","","Sepulturas",""
"000000073","000000063","","","","",""
"000000074","","","ger","Heiligtümer, rituelle Plätze","",""
"000000074","","","spa","","Santuarios, espacios sagrados",""
"000000074","000000063","","","","",""
"000000075","","","ger","Befestigungsanlage, Grabenwerk","",""
"000000075","","","spa","","Fortificaciones, fosos",""
"000000075","000000063","","","","",""
"000000076","","","ger","Gewaltanwendung, Krieg","",""
"000000076","","","spa","","Guerra, violencia",""
"000000076","000000063","","","","",""
"000000077","","","ger","Feuerstellen","",""
"000000077","","","spa","","Emplazamientos del fuego",""
"000000077","000000063","","","","",""
"000000078","","","ger","Einzelne Fundkategorien","",""
"000000078","","","spa","","Hallazgos específicos",""
"000000078","000000033","","","","",""
"000000079","","","ger","Stelen, Menhire","",""
"000000079","","","spa","","Estelas, menhires",""
"000000079","000000078","","","","",""
"000000080","","","ger","Keramik","",""
"000000080","","","spa","","Cerámica",""
"000000080","000000078","","","","",""
"000000081","","","ger","Steingerät","",""
"000000081","","","spa","","Instrumentos líticos",""
"000000081","000000078","","","","",""
"000000082","","","ger","Geräte aus Metall","",""
"000000082","","","spa","","Instrumentos metálicos",""
"000000082","000000078","","","","",""
"000000083","","","ger","Geräte aus Knochen u. Elfenbein","",""
"000000083","","","spa","","Instrumentos de hueso o marfil",""
"000000083","000000078","","","","",""
"000000084","","","ger","Textil, Geflechte","",""
"000000084","","","spa","","Textiles, mimbres",""
"000000084","000000078","","","","",""
"000000085","","","ger","Kleinkunst","",""
"000000085","","","spa","","Arte móvil",""
"000000085","000000078","","","","",""
"000000039","","","ger","Osten (País Valenciano und Aragón)","",""
"000000039","","","spa","","Este (País Valenciano y Aragón)",""
"000000039","000000034","","","","",""
"000000086","","","ger","Allgemein","",""
"000000086","","","spa","","Temas generales",""
"000000086","000000085","","","","",""
"000000040","","","ger","Mitte (Alt-Kastilien, Neu-Kastilien, Extremadura)","",""
"000000040","","","spa","","Centro (Castilla-León, Castilla-La Mancha, Extremadura)",""
"000000040","000000034","","","","",""
"000000087","","","ger","Idole","",""
"000000087","","","spa","","Idolos",""
"000000087","000000085","","","","",""
"000000088","","","ger","Schmuck","",""
"000000088","","","spa","","Adornos / Joyas",""
"000000088","000000085","","","","",""
"000000089","","","ger","Geräte aus Holz","",""
"000000089","","","spa","","Instrumentos de madera",""
"000000089","000000078","","","","",""
"000000090","","","ger","Figürliche Darstellung","",""
"000000090","","","spa","","Representaciones figurativas",""
"000000090","000000033","","","","",""
"000000091","","","ger","Anthropomorph","",""
"000000091","","","spa","","Antropomorfas",""
"000000091","000000090","","","","",""
"000000092","","","ger","Zoomorph","",""
"000000092","","","spa","","Zoomorfas",""
"000000092","000000090","","","","",""
"000000095","","","ger","Paläolithikum, Mesolithikum","",""
"000000095","","","spa","","Paleolítico, Mesolítico",""
"000000095","000000023","","","","",""
"000000096","","","ger","Allgemein","",""
"000000096","","","spa","","Temas generales",""
"000000096","000000095","","","","",""
"000000097","","","ger","Nordwesten (Galicia, Asturien, Kantabrien)","",""
"000000097","","","spa","","Noroeste (Galicia, Asturias, Cantabria)",""
"000000097","000000095","","","","",""
"000000098","","","ger","Nordosten (País Vasco, Navarra, Rioja)","",""
"000000098","","","spa","","Noreste (País Vasco, Navarra, La Rioja)",""
"000000098","000000095","","","","",""
"000000099","","","ger","Katalonien und Andorra","",""
"000000099","","","spa","","Cataluña y Andorra)",""
"000000099","000000095","","","","",""
"000000100","","","ger","Osten (País Valenciano und Aragón)","",""
"000000100","","","spa","","Este (País Valenciano y Aragón)",""
"000000100","000000095","","","","",""
"000000093","","","ger","Abstrakt","",""
"000000093","","","spa","","Abstracto",""
"000000093","000000090","","","","",""
"000000094","","","ger","Religion","",""
"000000094","","","spa","","Religión",""
"000000094","000000033","","","","",""
"000000101","","","ger","Mitte (Alt-Kastilien, Neu-Kastilien, Extremadura)","",""
"000000101","","","spa","","Centro (Castilla-León, Castilla-La Mancha, Extremadura)",""
"000000101","000000095","","","","",""
"000000103","","","ger","Portugal","",""
"000000103","","","spa","","Portugal",""
"000000103","000000095","","","","",""
"000000104","","","ger","Neolithikum","",""
"000000104","","","spa","","Neolítico",""
"000000104","000000023","","","","",""
"000000105","","","ger","Allgemein","",""
"000000105","","","spa","","Temas generales",""
"000000105","000000104","","","","",""
"000000106","","","ger","Nordwesten (Galicia, Asturien, Kantabrien)","",""
"000000106","","","spa","","Noroeste (Galicia, Asturias, Cantabria)",""
"000000106","000000104","","","","",""
"000000107","","","ger","Nordosten (País Vasco, Navarra, Rioja)","",""
"000000107","","","spa","","Noreste (País Vasco, Navarra, La Rioja)",""
"000000107","000000104","","","","",""
"000000108","","","ger","Katalonien und Andorra","",""
"000000108","","","spa","","Cataluña y Andorra)",""
"000000108","000000104","","","","",""
"000000109","","","ger","Osten (País Valenciano und Aragón)","",""
"000000109","","","spa","","Este (País Valenciano y Aragón)",""
"000000109","000000104","","","","",""
"000000102","","","ger","Süden (Andalusien, Murcia)","",""
"000000102","","","spa","","Sur (Andalucía, Murcia)",""
"000000102","000000095","","","","",""
"000000110","","","ger","Mitte (Alt-Kastilien, Neu-Kastilien, Extremadura)","",""
"000000110","","","spa","","Centro (Castilla-León, Castilla-La Mancha, Extremadura)",""
"000000110","000000104","","","","",""
"000000111","","","ger","Süden (Andalusien, Murcia)","",""
"000000111","","","spa","","Sur (Andalucía, Murcia)",""
"000000111","000000104","","","","",""
"000000112","","","ger","Portugal","",""
"000000112","","","spa","","Portugal",""
"000000112","000000104","","","","",""
"000000113","","","ger","Kupferzeit","",""
"000000113","","","spa","","Edad del Cobre",""
"000000113","000000023","","","","",""
"000000114","","","ger","Allgemein","",""
"000000114","","","spa","","Temas generales",""
"000000114","000000113","","","","",""
"000000115","","","ger","Nordwesten (Galicia, Asturien, Kantabrien)","",""
"000000115","","","spa","","Noroeste (Galicia, Asturias, Cantabria)",""
"000000115","000000113","","","","",""
"000000116","","","ger","Nordosten (País Vasco, Navarra, Rioja)","",""
"000000116","","","spa","","Noreste (País Vasco, Navarra, La Rioja)",""
"000000116","000000113","","","","",""
"000000117","","","ger","Katalonien und Andorra","",""
"000000117","","","spa","","Cataluña y Andorra)",""
"000000117","000000113","","","","",""
"000000118","","","ger","Osten (País Valenciano und Aragón)","",""
"000000118","","","spa","","Este (País Valenciano y Aragón)",""
"000000118","000000113","","","","",""
"000000119","","","ger","Mitte (Alt-Kastilien, Neu-Kastilien, Extremadura)","",""
"000000119","","","spa","","Centro (Castilla-León, Castilla-La Mancha, Extremadura)",""
"000000119","000000113","","","","",""
"000000120","","","ger","Süden (Andalusien, Murcia)","",""
"000000120","","","spa","","Sur (Andalucía, Murcia)",""
"000000120","000000113","","","","",""
"000000121","","","ger","Portugal","",""
"000000121","","","spa","","Portugal",""
"000000121","000000113","","","","",""
"000000122","","","ger","Bronzezeit","",""
"000000122","","","spa","","Edad del Bronce",""
"000000122","000000023","","","","",""
"000000123","","","ger","Allgemein","",""
"000000123","","","spa","","Temas generales",""
"000000123","000000122","","","","",""
"000000124","","","ger","Nordwesten (Galicia, Asturien, Kantabrien)","",""
"000000124","","","spa","","Noroeste (Galicia, Asturias, Cantabria)",""
"000000124","000000122","","","","",""
"000000125","","","ger","Nordosten (País Vasco, Navarra, La Rioja)","",""
"000000125","","","spa","","Noreste (País Vasco, Navarra, La Rioja)",""
"000000125","000000122","","","","",""
"000000126","","","ger","Katalonien und Andorra","",""
"000000126","","","spa","","Cataluña y Andorra)",""
"000000126","000000122","","","","",""
"000000127","","","ger","Osten (País Valenciano und Aragón)","",""
"000000127","","","spa","","Este (País Valenciano y Aragón)",""
"000000127","000000122","","","","",""
"000000128","","","ger","Mitte (Alt-Kastilien, Neu-Kastilien, Extremadura)","",""
"000000128","","","spa","","Centro (Castilla-León, Castilla-La Mancha, Extremadura)",""
"000000128","000000122","","","","",""
"000000129","","","ger","Süden (Andalusien, Murcia)","",""
"000000129","","","spa","","Sur (Andalucía, Murcia)",""
"000000129","000000122","","","","",""
"000000130","","","ger","Portugal","",""
"000000130","","","spa","","Portugal",""
"000000130","000000122","","","","",""
"000000131","","","ger","Archäologische Kulturen","",""
"000000131","","","spa","","Culturas",""
"000000131","000000023","","","","",""
"000000132","","","ger","Inseln","",""
"000000132","","","spa","","Islas",""
"000000132","000000500","","","","",""
"000000133","","","ger","Balearische Inseln (Vor- und Frühgeschichte)","",""
"000000133","","","spa","","Islas Baleares (Culturas pre- y talayóticas)",""
"000000133","000000132","","","","",""
"000000134","","","ger","Kanarische Inseln","",""
"000000134","","","spa","","Islas Canarias",""
"000000134","000000132","","","","",""
"000000135","","","ger","Phönizier/Punier","",""
"000000135","","","spa","","Fenicios/ Púnicos",""
"000000135","000000500","","","","",""
"000000136","","","ger","Bibliographie","",""
"000000136","","","spa","","Bibliografía",""
"000000136","000000135","","","","",""
"000000137","","","ger","Geschichte","",""
"000000137","","","spa","","Historia",""
"000000137","000000135","","","","",""
"000000138","","","ger","Allgemein","",""
"000000138","","","spa","","Temas generales",""
"000000138","000000137","","","","",""
"000000139","","","ger","Kolonisation, Kultur","",""
"000000139","","","spa","","Colonización, cultura",""
"000000139","000000137","","","","",""
"000000140","","","ger","Gesellschaft","",""
"000000140","","","spa","","Sociedad",""
"000000140","000000137","","","","",""
"000000141","","","ger","Wirtschaft, Handel, Produktion","",""
"000000141","","","spa","","Economía, comercio, producción",""
"000000141","000000137","","","","",""
"000000142","","","ger","Religion","",""
"000000142","","","spa","","Religión",""
"000000142","000000135","","","","",""
"000000143","","","ger","Landeskunde","",""
"000000143","","","spa","","Arqueología espacial",""
"000000143","000000135","","","","",""
"000000144","","","ger","Allgemein","",""
"000000144","","","spa","","Temas generales",""
"000000144","000000143","","","","",""
"000000145","","","ger","Siedlungen","",""
"000000145","","","spa","","Asentamientos",""
"000000145","000000143","","","","",""
"000000146","","","ger","Nekropolen","",""
"000000146","","","spa","","Necrópolis",""
"000000146","000000143","","","","",""
"000000147","","","ger","Architektur","",""
"000000147","","","spa","","Arquitectura",""
"000000147","000000135","","","","",""
"000000148","","","ger","Plastik","",""
"000000148","","","spa","","Plástica",""
"000000148","000000135","","","","",""
"000000149","","","ger","Ikonographie","",""
"000000149","","","spa","","Iconografía",""
"000000149","000000135","","","","",""
"000000150","","","ger","Kleinfunde","",""
"000000150","","","spa","","Hallazgos (excepto plástica y cerámica)",""
"000000150","000000135","","","","",""
"000000151","","","ger","Ägyptisches","",""
"000000151","","","spa","","Importaciones egipcias y similares",""
"000000151","000000150","","","","",""
"000000152","","","ger","Keramik","",""
"000000152","","","spa","","Cerámica",""
"000000152","000000135","","","","",""
"000000153","","","ger","Numismatik, Gewichte","",""
"000000153","","","spa","","Numismática, pesos y medidas",""
"000000153","000000135","","","","",""
"000000154","","","ger","Inschriften, Sprache","",""
"000000154","","","spa","","Inscripciones, lengua",""
"000000154","000000135","","","","",""
"000000155","","","ger","Griechen/Etrusker","",""
"000000155","","","spa","","Griegos/ Etruscos",""
"000000155","000000500","","","","",""
"000000156","","","ger","Bibliographie","",""
"000000156","","","spa","","Bibliografía",""
"000000156","000000155","","","","",""
"000000157","","","ger","Geschichte","",""
"000000157","","","spa","","Historia",""
"000000157","000000155","","","","",""
"000000158","","","ger","Allgemein","",""
"000000158","","","spa","","Temas generales",""
"000000158","000000157","","","","",""
"000000159","","","ger","Kolonisation, Einfluss","",""
"000000159","","","spa","","Colonización, influencias",""
"000000159","000000157","","","","",""
"000000161","","","ger","Wirtschaft, Handel, Produktion","",""
"000000161","","","spa","","Economía, comercio, producción",""
"000000161","000000157","","","","",""
"000000168","","","ger","Plastik","",""
"000000168","","","spa","","Plástica",""
"000000168","000000155","","","","",""
"000000169","","","ger","Mosaik und Malerei","",""
"000000169","","","spa","","Mosaicos, pintura",""
"000000169","000000155","","","","",""
"000000170","","","ger","Kleinfunde","",""
"000000170","","","spa","","Hallazgos (excepto plástica y cerámica)",""
"000000170","000000155","","","","",""
"000000171","","","ger","Ikonographie","",""
"000000171","","","spa","","Iconografía",""
"000000171","000000155","","","","",""
"000000172","","","ger","Keramik","",""
"000000172","","","spa","","Cerámica",""
"000000172","000000155","","","","",""
"000000173","","","ger","umfassend","",""
"000000173","","","spa","","Generalidades",""
"000000173","000000172","","","","",""
"000000174","","","ger","Archaische und klassische Keramik","",""
"000000174","","","spa","","Cerámica arcaica y clásica",""
"000000174","000000172","","","","",""
"000000175","","","ger","Hellenistische Keramik, Campaniense","",""
"000000175","","","spa","","Cerámica helenística, incl. campaniense",""
"000000175","000000172","","","","",""
"000000176","","","ger","Numismatik","",""
"000000176","","","spa","","Numismática",""
"000000176","000000155","","","","",""
"000000177","","","ger","Inschriften","",""
"000000177","","","spa","","Inscripciones",""
"000000177","000000155","","","","",""
"000000178","","","ger","Tartessischer Bereich/Orientalisierend","",""
"000000178","","","spa","","Ambito tartésico",""
"000000178","000000500","","","","",""
"000000179","","","ger","Bibliographie","",""
"000000179","","","spa","","Bibliografía",""
"000000179","000000178","","","","",""
"000000180","","","ger","Geschichte","",""
"000000180","","","spa","","Historia",""
"000000180","000000178","","","","",""
"000000181","","","ger","Allgemein","",""
"000000181","","","spa","","Temas generales",""
"000000181","000000180","","","","",""
"000000162","","","ger","Religion","",""
"000000162","","","spa","","Religión",""
"000000162","000000155","","","","",""
"000000182","","","ger","Kulturgeschichte, Gesellschaft","",""
"000000182","","","spa","","Cultura, Sociedad",""
"000000182","000000180","","","","",""
"000000183","","","ger","Wirtschaft, Handel, Produktion","",""
"000000183","","","spa","","Economía, comercio, producción",""
"000000183","000000180","","","","",""
"000000184","","","ger","Religion","",""
"000000184","","","spa","","Religión",""
"000000184","000000178","","","","",""
"000000185","","","ger","Landeskunde","",""
"000000185","","","spa","","Arqueología espacial",""
"000000185","000000178","","","","",""
"000000186","","","ger","Allgemein","",""
"000000186","","","spa","","Temas generales",""
"000000186","000000185","","","","",""
"000000187","","","ger","Siedlungen","",""
"000000187","","","spa","","Asentamientos",""
"000000187","000000185","","","","",""
"000000188","","","ger","Nekropolen","",""
"000000188","","","spa","","Necrópolis",""
"000000188","000000185","","","","",""
"000000189","","","ger","Architektur","",""
"000000189","","","spa","","Arquitectura",""
"000000189","000000178","","","","",""
"000000190","","","ger","Skulptur, Stelen","",""
"000000190","","","spa","","Escultura, estelas",""
"000000190","000000178","","","","",""
"000000192","","","ger","Kleinfunde","",""
"000000192","","","spa","","Hallazgos (excepto plástica y cerámica)",""
"000000192","000000178","","","","",""
"000000193","","","ger","Keramik","",""
"000000193","","","spa","","Cerámica",""
"000000193","000000178","","","","",""
"000000194","","","ger","Inschriften (s. Iberer: Inschriften)","",""
"000000194","","","spa","","Inscripciones (v. Iberos: inscripciones)",""
"000000194","000000178","","","","",""
"000000195","","","ger","Iberer/Eisenzeit","",""
"000000195","","","spa","","Iberos/ Edad del Hierro",""
"000000195","000000500","","","","",""
"000000196","","","ger","Geschichte","",""
"000000196","","","spa","","Historia",""
"000000196","000000195","","","","",""
"000000197","","","ger","Allgemein","",""
"000000197","","","spa","","Temas generales",""
"000000197","000000196","","","","",""
"000000160","","","ger","Verwaltung, Recht","",""
"000000160","","","spa","","Administración",""
"000000160","000000157","","","","",""
"000000191","","","ger","Ikonographie","",""
"000000191","","","spa","","Iconografía",""
"000000191","000000178","","","","",""
"000000198","","","ger","Kultur, Gesellschaft","",""
"000000198","","","spa","","Cultura, sociedad",""
"000000198","000000196","","","","",""
"000000199","","","ger","Stämme","",""
"000000199","","","spa","","Tribus, pueblos",""
"000000199","000000196","","","","",""
"000000200","","","ger","Wirtschaft, Handel, Produktion","",""
"000000200","","","spa","","Economía, comercio, producción",""
"000000200","000000196","","","","",""
"000000201","","","ger","Religion, Mythologie","",""
"000000201","","","spa","","Religión",""
"000000201","000000195","","","","",""
"000000202","","","ger","Landeskunde","",""
"000000202","","","spa","","Arqueología espacial",""
"000000202","000000195","","","","",""
"000000203","","","ger","Allgemein","",""
"000000203","","","spa","","Temas generales",""
"000000203","000000202","","","","",""
"000000163","","","ger","Landeskunde","",""
"000000163","","","spa","","Arqueología espacial",""
"000000163","000000155","","","","",""
"000000204","","","ger","Siedlungen","",""
"000000204","","","spa","","Asentamientos",""
"000000204","000000202","","","","",""
"000000205","","","ger","Nekropolen","",""
"000000205","","","spa","","Necrópolis",""
"000000205","000000202","","","","",""
"000000206","","","ger","Architektur","",""
"000000206","","","spa","","Arquitectura",""
"000000206","000000195","","","","",""
"000000164","","","ger","Allgemein","",""
"000000164","","","spa","","Temas generales",""
"000000164","000000163","","","","",""
"000000207","","","ger","Plastik","",""
"000000207","","","spa","","Plástica",""
"000000207","000000195","","","","",""
"000000208","","","ger","Mosaiken, Malerei","",""
"000000208","","","spa","","Mosaicos, pintura",""
"000000208","000000195","","","","",""
"000000209","","","ger","Ikonographie","",""
"000000209","","","spa","","Iconografía",""
"000000209","000000195","","","","",""
"000000210","","","ger","Kleinfunde","",""
"000000210","","","spa","","Hallazgos (excepto plástica y cerámica)",""
"000000210","000000195","","","","",""
"000000211","","","ger","Keramik","",""
"000000211","","","spa","","Cerámica",""
"000000211","000000195","","","","",""
"000000212","","","ger","Numismatik, Gewichte","",""
"000000212","","","spa","","Numismática, pesos y medidas",""
"000000212","000000195","","","","",""
"000000165","","","ger","Siedlungen","",""
"000000165","","","spa","","Asentamientos",""
"000000165","000000163","","","","",""
"000000213","","","ger","Inschriften, Schrift, Sprache","",""
"000000213","","","spa","","Inscripciones, escritura, lengua",""
"000000213","000000195","","","","",""
"000000214","","","ger","Eisenzeiten im Zentrum, Norden und Westen","",""
"000000214","","","spa","","Edad del Hierro en el Centro, Norte y Oeste",""
"000000214","000000500","","","","",""
"000000166","","","ger","Nekropolen","",""
"000000166","","","spa","","Necrópolis",""
"000000166","000000163","","","","",""
"000000215","","","ger","Geschichte","",""
"000000215","","","spa","","Historia",""
"000000215","000000214","","","","",""
"000000216","","","ger","Allgemein","",""
"000000216","","","spa","","Temas generales",""
"000000216","000000215","","","","",""
"000000217","","","ger","Kulturgeschichte, Gesellschaft","",""
"000000217","","","spa","","Cultura, Sociedad",""
"000000217","000000215","","","","",""
"000000218","","","ger","Kelten (Stämme)","",""
"000000218","","","spa","","Celtas (Tribus)",""
"000000218","000000215","","","","",""
"000000219","","","ger","Wirtschaft, Handel, Produktion","",""
"000000219","","","spa","","Economía, comercio, producción",""
"000000219","000000215","","","","",""
"000000220","","","ger","Religion","",""
"000000220","","","spa","","Religión",""
"000000220","000000214","","","","",""
"000000221","","","ger","Landeskunde","",""
"000000221","","","spa","","Arqueología espacial",""
"000000221","000000214","","","","",""
"000000167","","","ger","Architektur","",""
"000000167","","","spa","","Arquitectura",""
"000000167","000000155","","","","",""
"000000222","","","ger","Allgemein","",""
"000000222","","","spa","","Temas generales",""
"000000222","000000221","","","","",""
"000000223","","","ger","Siedlungen, Kastros","",""
"000000223","","","spa","","Asentamientos, castros",""
"000000223","000000221","","","","",""
"000000224","","","ger","Nekropolen","",""
"000000224","","","spa","","Necrópolis",""
"000000224","000000221","","","","",""
"000000225","","","ger","Architektur","",""
"000000225","","","spa","","Arquitectura",""
"000000225","000000214","","","","",""
"000000226","","","ger","Skulptur, Stelen","",""
"000000226","","","spa","","Escultura, estelas",""
"000000226","000000214","","","","",""
"000000227","","","ger","Petroglyphen","",""
"000000227","","","spa","","Petroglifos",""
"000000227","000000214","","","","",""
"000000228","","","ger","Ikonogrphie","",""
"000000228","","","spa","","Iconografía",""
"000000228","000000214","","","","",""
"000000229","","","ger","Kleinfunde","",""
"000000229","","","spa","","Hallazgos",""
"000000229","000000214","","","","",""
"000000230","","","ger","Keramik","",""
"000000230","","","spa","","Cerámica",""
"000000230","000000214","","","","",""
"000000240","","","ger","Wirtschaft, Handel, Produktion","",""
"000000240","","","spa","","Economía, comercio, producción",""
"000000240","000000234","","","","",""
"000000241","","","ger","Heereswesen","",""
"000000241","","","spa","","Ejércitos",""
"000000241","000000233","","","","",""
"000000242","","","ger","Religion","",""
"000000242","","","spa","","Religión",""
"000000242","000000233","","","","",""
"000000243","","","ger","Landeskunde","",""
"000000243","","","spa","","Arqueología espacial",""
"000000243","000000233","","","","",""
"000000244","","","ger","Allgemein","",""
"000000244","","","spa","","Temas generales",""
"000000244","000000243","","","","",""
"000000245","","","ger","Regionale Darstellungen","",""
"000000245","","","spa","","Temas regionales",""
"000000245","000000243","","","","",""
"000000231","","","ger","Numismatik","",""
"000000231","","","spa","","Numismática",""
"000000231","000000214","","","","",""
"000000239","","","ger","Verwaltung, Recht","",""
"000000239","","","spa","","Administración",""
"000000239","000000234","","","","",""
"000000246","","","ger","Städte und Siedlungswesen,","",""
"000000246","","","spa","","Núcleos urbanos y rurales",""
"000000246","000000243","","","","",""
"000000247","","","ger","Urbanistik","",""
"000000247","","","spa","","Urbanismo",""
"000000247","000000246","","","","",""
"000000248","","","ger","Siedlungen","",""
"000000248","","","spa","","yacimientos urbanos y rurales",""
"000000248","000000246","","","","",""
"000000249","","","ger","Villen","",""
"000000249","","","spa","","Villae",""
"000000249","000000243","","","","",""
"000000250","","","ger","Nekropolen","",""
"000000250","","","spa","","Necrópolis",""
"000000250","000000243","","","","",""
"000000251","","","ger","Centuriatio","",""
"000000251","","","spa","","Centuriatio",""
"000000251","000000243","","","","",""
"000000252","","","ger","Strassen, Brücken; s. auch Meilensteine","",""
"000000252","","","spa","","Calzadas, puentes (V. también bajo Miliarios)",""
"000000252","000000243","","","","",""
"000000232","","","ger","Inschriften, Sprache","",""
"000000232","","","spa","","Inscripciones, lengua",""
"000000232","000000214","","","","",""
"000000253","","","ger","Minen, Steinbrüche, Marmor","",""
"000000253","","","spa","","Minas, canteras, mármol",""
"000000253","000000243","","","","",""
"000000254","","","ger","Schiffahrt, Häfen","",""
"000000254","","","spa","","Navegación, puertos",""
"000000254","000000233","","","","",""
"000000233","","","ger","Römische Zeit","",""
"000000233","","","spa","","Epoca Romana",""
"000000233","000000500","","","","",""
"000000255","","","ger","Architektur","",""
"000000255","","","spa","","Arquitectura",""
"000000255","000000233","","","","",""
"000000256","","","ger","Allgemein","",""
"000000256","","","spa","","Temas generales",""
"000000256","000000255","","","","",""
"000000257","","","ger","Bautechnik u. Materialien","",""
"000000257","","","spa","","Técnicas constructivas y materiales",""
"000000257","000000255","","","","",""
"000000258","","","ger","Architekturdekor","",""
"000000258","","","spa","","Elementos decorativos arquitectónicos",""
"000000258","000000255","","","","",""
"000000259","","","ger","Sakrale Bauten","",""
"000000259","","","spa","","Monumentos sacrales, templos, etc.",""
"000000259","000000255","","","","",""
"000000260","","","ger","Grabbauten","",""
"000000260","","","spa","","Monumentos funerarios",""
"000000260","000000255","","","","",""
"000000261","","","ger","Profane Architektur","",""
"000000261","","","spa","","Arquitectura profana",""
"000000261","000000255","","","","",""
"000000262","","","ger","Allgemein","",""
"000000262","","","spa","","Temas generales",""
"000000262","000000261","","","","",""
"000000263","","","ger","Forum, Ehrenböge","",""
"000000263","","","spa","","Foros, arcos",""
"000000263","000000261","","","","",""
"000000234","","","ger","Geschichte","",""
"000000234","","","spa","","Historia",""
"000000234","000000233","","","","",""
"000000264","","","ger","Theater, Zircus","",""
"000000264","","","spa","","Teatros, circos",""
"000000264","000000261","","","","",""
"000000265","","","ger","Thermen, Heizung","",""
"000000265","","","spa","","Termas",""
"000000265","000000261","","","","",""
"000000266","","","ger","Betriebe","",""
"000000266","","","spa","","Talleres",""
"000000266","000000261","","","","",""
"000000267","","","ger","Aquädukte, hydraulische Anlagen","",""
"000000267","","","spa","","Acueductos, instalaciones hidráulicas",""
"000000267","000000261","","","","",""
"000000268","","","ger","Befestigungsbauten, Lager","",""
"000000268","","","spa","","Fortificaciones, campamentos",""
"000000268","000000261","","","","",""
"000000269","","","ger","Haus","",""
"000000269","","","gre","","Hauss",""
"000000269","","","spa","","Viviendas",""
"000000269","000000261","","","","",""
"000000270","","","ger","Anderes","",""
"000000270","","","spa","","Otros",""
"000000270","000000261","","","","",""
"000000271","","","ger","Schiffe","",""
"000000271","","","spa","","Barcos, efectos navales",""
"000000271","000000255","","","","",""
"000000235","","","ger","Allgemein","",""
"000000235","","","spa","","Temas generales",""
"000000235","000000234","","","","",""
"000000273","","","ger","Plastik","",""
"000000273","","","spa","","Plástica",""
"000000273","000000233","","","","",""
"000000274","","","ger","Allgemein","",""
"000000274","","","spa","","Temas generales",""
"000000274","000000273","","","","",""
"000000275","","","ger","Grossplastik","",""
"000000275","","","spa","","Gran escultura",""
"000000275","000000273","","","","",""
"000000276","","","ger","Kleinplastik, Bronzen, Terrakotten","",""
"000000276","","","spa","","Pequeña escultura",""
"000000276","000000273","","","","",""
"000000277","","","ger","Porträt","",""
"000000277","","","spa","","Retrato",""
"000000277","000000273","","","","",""
"000000278","","","ger","Relief, Sarkophage","",""
"000000278","","","spa","","Relieves, sarcófagos",""
"000000278","000000273","","","","",""
"000000279","","","ger","Altäre","",""
"000000279","","","spa","","Altares, aras",""
"000000279","000000273","","","","",""
"000000280","","","ger","Malerei, Wandmalerei","",""
"000000280","","","spa","","Pintura, frescos",""
"000000280","000000233","","","","",""
"000000236","","","ger","Kulturgeschichte","",""
"000000236","","","spa","","Cultura",""
"000000236","000000234","","","","",""
"000000281","","","ger","Mosaiken","",""
"000000281","","","spa","","Mosaicos",""
"000000281","000000233","","","","",""
"000000282","","","ger","Bildthemen, Antiquaria","",""
"000000282","","","spa","","Iconografía (V. también, Mosaicos)",""
"000000282","000000233","","","","",""
"000000283","","","ger","Kleinfunde, Geräte","",""
"000000283","","","spa","","Hallazgos, instrumentos",""
"000000283","000000233","","","","",""
"000000284","","","ger","Keramik","",""
"000000284","","","spa","","Cerámica",""
"000000284","000000233","","","","",""
"000000285","","","ger","Bibliographie","",""
"000000285","","","spa","","Bibliografía",""
"000000285","000000284","","","","",""
"000000286","","","ger","Allgemein/ Theorie/ Formen","",""
"000000286","","","spa","","Generalidades/ Teoría/ Formas",""
"000000286","000000284","","","","",""
"000000287","","","ger","Keramikhandel / Import","",""
"000000287","","","spa","","Comercio de cerámica / Importaciones",""
"000000287","000000284","","","","",""
"000000288","","","ger","Iberisch-römische Keramik/ Einheimische Tradition","",""
"000000288","","","spa","","Cerámica ibero-romana/ Tradición indígena",""
"000000288","000000284","","","","",""
"000000289","","","ger","Haushaltskeramik","",""
"000000289","","","spa","","Cerámica común",""
"000000289","000000284","","","","",""
"000000290","","","ger","Terra Sigillata","",""
"000000290","","","spa","","Terra Sigillata",""
"000000290","000000284","","","","",""
"000000291","","","ger","Terra Sigillata Africana","",""
"000000291","","","spa","","Terra Sigillata Africana",""
"000000291","000000284","","","","",""
"000000292","","","ger","Arretina","",""
"000000292","","","spa","","Arretina",""
"000000292","000000284","","","","",""
"000000293","","","ger","Dünnwandige Keramik","",""
"000000293","","","spa","","Cerámica de paredes finas",""
"000000293","000000284","","","","",""
"000000294","","","ger","Bemalte Keramik","",""
"000000294","","","spa","","Cerámica pintada",""
"000000294","000000284","","","","",""
"000000237","","","ger","Romanisierung","",""
"000000237","","","spa","","Romanización",""
"000000237","000000234","","","","",""
"000000295","","","ger","Keramik mit Überzug","",""
"000000295","","","spa","","Cerámica engobada, vidriada,...",""
"000000295","000000284","","","","",""
"000000296","","","ger","Amphoren","",""
"000000296","","","spa","","Anforas",""
"000000296","000000284","","","","",""
"000000297","","","ger","Lampen","",""
"000000297","","","spa","","Lucernas",""
"000000297","000000284","","","","",""
"000000298","","","ger","Funde aus Kontexten","",""
"000000298","","","spa","","Hallazgos de contextos",""
"000000298","000000284","","","","",""
"000000299","","","ger","Abfalldepots","",""
"000000299","","","spa","","Vertederos",""
"000000299","000000298","","","","",""
"000000300","","","ger","Wrackfund","",""
"000000300","","","spa","","Pecios",""
"000000300","000000298","","","","",""
"000000301","","","ger","Siedlungen","",""
"000000301","","","spa","","Asentamientos",""
"000000301","000000298","","","","",""
"000000302","","","ger","Villen","",""
"000000302","","","spa","","Villae",""
"000000302","000000298","","","","",""
"000000303","","","ger","Nekropolen","",""
"000000303","","","spa","","Necrópolis",""
"000000303","000000298","","","","",""
"000000238","","","ger","Gesellschaft","",""
"000000238","","","spa","","Sociedad",""
"000000238","000000234","","","","",""
"000000306","","","ger","Stempel, Graffiti","",""
"000000306","","","spa","","Stempel, Graffiti",""
"000000306","000000284","","","","",""
"000000307","","","ger","Glas","",""
"000000307","","","spa","","Vidrio",""
"000000307","000000233","","","","",""
"000000308","","","ger","Numismatik, Gewichte, Maße","",""
"000000308","","","spa","","Numismática, pesos y medidas",""
"000000308","000000233","","","","",""
"000000309","","","ger","Epigraphik","",""
"000000309","","","spa","","Epigrafía",""
"000000309","000000233","","","","",""
"000000310","","","ger","Allgemein","",""
"000000310","","","spa","","Temas generales",""
"000000310","000000309","","","","",""
"000000311","","","ger","Meilensteine","",""
"000000311","","","spa","","Miliarios",""
"000000311","000000309","","","","",""
"000000312","","","ger","Altäre","",""
"000000312","","","spa","","Altares, aras",""
"000000312","000000309","","","","",""
"000000313","","","ger","Grabsteine","",""
"000000313","","","spa","","Monumentos funerarios",""
"000000313","000000309","","","","",""
"000000305","","","ger","Töpferöfen, Töpferwerkstätten","",""
"000000305","","","spa","","Hornos, alfares",""
"000000305","000000284","","","","",""
"000000314","","","ger","Instrumentum domesticum","",""
"000000314","","","spa","","Instrumentum domesticum",""
"000000314","000000309","","","","",""
"000000315","","","ger","Versinschriften","",""
"000000315","","","spa","","Inscripciones poéticas",""
"000000315","000000309","","","","",""
"000000316","","","ger","Philologie","",""
"000000316","","","spa","","Filología (Literatura, fuentes, lengua)",""
"000000316","000000233","","","","",""
"000000317","","","ger","Literatur","",""
"000000317","","","spa","","Literatura",""
"000000317","000000316","","","","",""
"000000318","","","ger","Sprache (Etymologie, Onomastik, usw.)","",""
"000000318","","","spa","","Lengua (Etimología, onomástica, etc.)",""
"000000318","000000316","","","","",""
"000000319","","","ger","Spätantike und frühes Mittelalter","",""
"000000319","","","spa","","Antigüedad tardía / Paleocristiano",""
"000000319","000000500","","","","",""
"000000320","","","ger","Geschichte","",""
"000000320","","","spa","","Historia",""
"000000320","000000319","","","","",""
"000000321","","","ger","Allgemein","",""
"000000321","","","spa","","Temas generales",""
"000000321","000000320","","","","",""
"000000322","","","ger","Spätantike (4./5. Jh.)","",""
"000000322","","","spa","","Antigüedad tardía (ss. IV-V)",""
"000000322","000000321","","","","",""
"000000323","","","ger","Westgotenreich (507-711)","",""
"000000323","","","spa","","Reino visigodo (507-711)",""
"000000323","000000321","","","","",""
"000000324","","","ger","Frühspanische Königreiche (u.a. Asturien)","",""
"000000324","","","spa","","Frühspanische Königreiche (u.a. Asturien)",""
"000000324","000000321","","","","",""
"000000325","","","ger","Kultur- und Wissenschaftsgeschichte","",""
"000000325","","","spa","","Cultura y Ciencias",""
"000000325","000000320","","","","",""
"000000326","","","ger","Sozialgeschichte, Gesellschaft","",""
"000000326","","","spa","","Sociedad",""
"000000326","000000320","","","","",""
"000000327","","","ger","Wirtschaft, Handel, Produktion","",""
"000000327","","","spa","","Economía, comercio, producción",""
"000000327","000000320","","","","",""
"000000328","","","ger","Christianisierung","",""
"000000328","","","spa","","Cristianización",""
"000000328","000000320","","","","",""
"000000329","","","ger","Kirchengeschichte, Konzilien","",""
"000000329","","","spa","","Historia de la Iglesia, Concilios",""
"000000329","000000320","","","","",""
"000000337","","","ger","Nekropolen, Bestattungswesen","",""
"000000337","","","spa","","Necrópolis, costumbres y ritos funerarios",""
"000000337","000000332","","","","",""
"000000338","","","ger",""Westgotische" Gräberfelder","",""
"000000338","","","spa","","Necrópolis visigodos",""
"000000338","000000337","","","","",""
"000000330","","","ger","Liturgie","",""
"000000330","","","spa","","Liturgia",""
"000000330","000000320","","","","",""
"000000331","","","ger","Prosopographie, allgemein","",""
"000000331","","","spa","","Prosopografía, general",""
"000000331","000000320","","","","",""
"000000332","","","ger","Landeskunde","",""
"000000332","","","spa","","Arqueología espacial",""
"000000332","000000319","","","","",""
"000000333","","","ger","Allgemein (Toponomastik)","",""
"000000333","","","spa","","Generalidades (Toponimia)",""
"000000333","000000332","","","","",""
"000000334","","","ger","Regionale Darstellungen","",""
"000000334","","","spa","","Temas regionales",""
"000000334","000000332","","","","",""
"000000335","","","ger","Städte, Siedlungswesen, Urbanistik","",""
"000000335","","","spa","","Núcleos urbanos y rurales, urbanismo",""
"000000335","000000332","","","","",""
"000000336","","","ger","Villen, Klöster","",""
"000000336","","","spa","","Villae, monasterios",""
"000000336","000000332","","","","",""
"000000339","","","ger","Straßen und Brücken","",""
"000000339","","","spa","","Carreteras y Puentes",""
"000000339","000000332","","","","",""
"000000340","","","ger","Schifffahrt, Häfen","",""
"000000340","","","spa","","Navegación, puertos",""
"000000340","000000319","","","","",""
"000000341","","","ger","Architektur","",""
"000000341","","","spa","","Arquitectura",""
"000000341","000000319","","","","",""
"000000342","","","ger","Allgemein","",""
"000000342","","","spa","","Temas generales",""
"000000342","000000341","","","","",""
"000000343","","","ger","Kirchen, Höhlenkirchen und andere Kultbauten","",""
"000000343","","","spa","","Iglesias y otros edificios para el culto",""
"000000343","000000341","","","","",""
"000000344","","","ger","Profanarchitektur (z.B. Villen)","",""
"000000344","","","spa","","Arquitectura profana (p.e. Villae)",""
"000000344","000000341","","","","",""
"000000345","","","ger","Befestigungsbauten","",""
"000000345","","","spa","","Fortificaciones",""
"000000345","000000341","","","","",""
"000000346","","","ger","Architekturdekor, Bauglieder (mit Schrankenplatten)","",""
"000000346","","","spa","","Arquitectura: elementos decorativos, constructivos (con cancelas)",""
"000000346","000000341","","","","",""
"000000347","","","ger","Architekturtheorie, Maßverhältnisse, etc.","",""
"000000347","","","spa","","Teoría de la arquitectura, medidas, etc.",""
"000000347","000000341","","","","",""
"000000348","","","ger","Skulptur","",""
"000000348","","","spa","","Escultura",""
"000000348","000000319","","","","",""
"000000349","","","ger","Allgemein","",""
"000000349","","","spa","","Temas generales",""
"000000349","000000348","","","","",""
"000000350","","","ger","Sarkophage, Grabstelen","",""
"000000350","","","spa","","Sarcófagos, estelas",""
"000000350","000000348","","","","",""
"000000351","","","ger","Malerei","",""
"000000351","","","spa","","Pintura",""
"000000351","000000319","","","","",""
"000000352","","","ger","Allgemein","",""
"000000352","","","spa","","Temas generales",""
"000000352","000000351","","","","",""
"000000353","","","ger","Wandmalerei","",""
"000000353","","","spa","","Pintura mural",""
"000000353","000000351","","","","",""
"000000354","","","ger","Buchmalerei, Handschriften","",""
"000000354","","","spa","","Miniaturas, manuscritos",""
"000000354","000000351","","","","",""
"000000355","","","ger","Mosaik (Boden- und Wandmosaik)","",""
"000000355","","","spa","","Mosaicos (de suelos y paredes)",""
"000000355","000000351","","","","",""
"000000356","","","ger","Ikonographie, Antiquaria","",""
"000000356","","","spa","","Iconografía",""
"000000356","000000319","","","","",""
"000000357","","","ger","Kleinfunde","",""
"000000357","","","spa","","Hallazgos (excepto plástica y cerámica)",""
"000000357","000000319","","","","",""
"000000304","","","ger","Lager","",""
"000000304","","","spa","","Campamentos militares",""
"000000304","000000298","","","","",""
"000000358","","","ger","Allgemein","",""
"000000358","","","spa","","Temas generales",""
"000000358","000000357","","","","",""
"000000359","","","ger","Metall (z.B. Toreutik)","",""
"000000359","","","spa","","Metal (p.e. Toréutica)",""
"000000359","000000357","","","","",""
"000000360","","","ger","Keramik","",""
"000000360","","","spa","","Cerámica",""
"000000360","000000357","","","","",""
"000000361","","","ger","Elfenbein, Knochen, Horn","",""
"000000361","","","spa","","Marfil, hueso, asta",""
"000000361","000000357","","","","",""
"000000362","","","ger","Holz","",""
"000000362","","","spa","","Madera",""
"000000362","000000357","","","","",""
"000000363","","","ger","Textilien","",""
"000000363","","","spa","","Textiles",""
"000000363","000000357","","","","",""
"000000364","","","ger","Glas","",""
"000000364","","","spa","","Vidrio",""
"000000364","000000357","","","","",""
"000000365","","","ger","Schmuck, Trachtbestandteile","",""
"000000365","","","spa","","Joyas, adornos para el vestido",""
"000000365","000000357","","","","",""
"000000366","","","ger","Numismatik","",""
"000000366","","","spa","","Numismática",""
"000000366","000000319","","","","",""
"000000367","","","ger","Epigraphik und Paläographie","",""
"000000367","","","spa","","Epigrafía y paleografía",""
"000000367","000000319","","","","",""
"000000368","","","ger","Literatur, Quellen (Heiligenviten, Märtyrerakten, etc.)","",""
"000000368","","","spa","","Literatura, fuentes (Vidas de santos, actas de mártires, etc.)",""
"000000368","000000319","","","","",""
"000000369","","","ger","Musik","",""
"000000369","","","spa","","Música",""
"000000369","000000319","","","","",""
"000000370","","","ger","Mozaraber (Geschichte, Kulturgeschichte)","",""
"000000370","","","spa","","Mozárabes (Historia, cultura)",""
"000000370","000000319","","","","",""
"000000371","","","ger","Islam","",""
"000000371","","","spa","","Islam",""
"000000371","000000500","","","","",""
"000000372","","","ger","Bibliographie","",""
"000000372","","","spa","","Bibliografía",""
"000000372","000000371","","","","",""
"000000373","","","ger","Geschichte","",""
"000000373","","","spa","","Historia",""
"000000373","000000371","","","","",""
"000000385","","","ger","Festungswesen","",""
"000000385","","","spa","","Fortificaciones",""
"000000385","000000380","","","","",""
"000000386","","","ger","Bergbau","",""
"000000386","","","spa","","Minería",""
"000000386","000000380","","","","",""
"000000387","","","ger","Architektur","",""
"000000387","","","spa","","Arquitectura",""
"000000387","000000371","","","","",""
"000000374","","","ger","Allgemein","",""
"000000374","","","spa","","Temas generales",""
"000000374","000000373","","","","",""
"000000381","","","ger","Allgemein","",""
"000000381","","","spa","","Temas generales",""
"000000381","000000380","","","","",""
"000000382","","","ger","Städte und Siedlungswesen","",""
"000000382","","","spa","","Núcleos urbanos y rurales",""
"000000382","000000380","","","","",""
"000000383","","","ger","Nekropolen, Grabsteine","",""
"000000383","","","spa","","Necrópolis, estelas",""
"000000383","000000380","","","","",""
"000000384","","","ger","Topographie, Toponomastik","",""
"000000384","","","spa","","Topografía, toponimia",""
"000000384","000000380","","","","",""
"000000388","","","ger","Allgemein","",""
"000000388","","","spa","","Temas generales",""
"000000388","000000387","","","","",""
"000000389","","","ger","Architekturdekor","",""
"000000389","","","spa","","Elementos decorativos arquitectónicos",""
"000000389","000000387","","","","",""
"000000390","","","ger","Haus und Palast","",""
"000000390","","","spa","","Haus und Palast",""
"000000390","000000387","","","","",""
"000000391","","","ger","Moschee","",""
"000000391","","","spa","","Moschee",""
"000000391","000000387","","","","",""
"000000392","","","ger","Burg, Befestigung","",""
"000000392","","","spa","","Burg, Befestigung",""
"000000392","000000387","","","","",""
"000000393","","","ger","Gärten","",""
"000000393","","","spa","","Járdines",""
"000000393","000000387","","","","",""
"000000394","","","ger","Ikonographie","",""
"000000394","","","spa","","Iconografía",""
"000000394","000000371","","","","",""
"000000375","","","ger","Kultur- und Wissenschaftsgeschichte","",""
"000000375","","","spa","","Cultura y Ciencias",""
"000000375","000000373","","","","",""
"000000395","","","ger","Kleinfunde","",""
"000000395","","","spa","","Hallazgos (excepto plástica y cerámica)",""
"000000395","000000371","","","","",""
"000000396","","","ger","Allgemein","",""
"000000396","","","spa","","Temas generales",""
"000000396","000000395","","","","",""
"000000397","","","ger","Metall","",""
"000000397","","","spa","","Metal",""
"000000397","000000395","","","","",""
"000000398","","","ger","Elfenbein","",""
"000000398","","","spa","","Marfil",""
"000000398","000000395","","","","",""
"000000399","","","ger","Keramik, Glas","",""
"000000399","","","spa","","Cerámica, vidrio",""
"000000399","000000395","","","","",""
"000000400","","","ger","Sonstiges u. Schmuck","",""
"000000400","","","spa","","Joyería y otros",""
"000000400","000000395","","","","",""
"000000401","","","ger","Textilien","",""
"000000401","","","spa","","Textiles",""
"000000401","000000371","","","","",""
"000000402","","","ger","Numismatik","",""
"000000402","","","spa","","Numismática",""
"000000402","000000371","","","","",""
"000000403","","","ger","Epigraphik","",""
"000000403","","","spa","","Epigrafía",""
"000000403","000000371","","","","",""
"000000404","","","ger","Quellen, Dichtung, Linguistik","",""
"000000404","","","spa","","Fuentes, literatura, lingüística",""
"000000404","000000371","","","","",""
"000000405","","","ger","Musik","",""
"000000405","","","spa","","Música",""
"000000405","000000371","","","","",""
"000000406","","","ger","Malerei","",""
"000000406","","","spa","","Pintura",""
"000000406","000000371","","","","",""
"000000376","","","ger","Gesellschaft, Genealogie","",""
"000000376","","","spa","","Sociedad, genealogía",""
"000000376","000000373","","","","",""
"000000407","","","ger","Mudéjar, Moriscos (Mudéjar-Keramik)","",""
"000000407","","","spa","","Mudéjares, moriscos (Cerámica mudéjar)",""
"000000407","000000371","","","","",""
"000000408","","","ger","Judentum","",""
"000000408","","","spa","","Cultura Judía",""
"000000408","000000500","","","","",""
"000000409","","","ger","Hilfswissenschaften und Methoden","",""
"000000409","","","spa","","Ciencias Auxiliares y Metodología",""
"000000409","000000500","","","","",""
"000000410","","","ger","Allgemein","",""
"000000410","","","spa","","Temas generales",""
"000000410","000000409","","","","",""
"000000411","","","ger","Ausgrabungsmethoden","",""
"000000411","","","spa","","Métodos de excavación",""
"000000411","000000409","","","","",""
"000000412","","","ger","Prospektionsmethoden und Kartierung","",""
"000000412","","","spa","","Métodos de prospección y Cartografía",""
"000000412","000000409","","","","",""
"000000377","","","ger","Recht, Verwaltung","",""
"000000377","","","spa","","Legislación",""
"000000377","000000373","","","","",""
"000000413","","","ger","Allgemein","",""
"000000413","","","spa","","Temas generales",""
"000000413","000000412","","","","",""
"000000414","","","ger","Luftfoto, geophysikalische Prospektion","",""
"000000414","","","spa","","Prospección aérea, métodos geofísicos, etc.",""
"000000414","000000412","","","","",""
"000000415","","","ger","Kartographie","",""
"000000415","","","spa","","Cartografía",""
"000000415","000000412","","","","",""
"000000416","","","ger","Auswertungsmethoden","",""
"000000416","","","spa","","Análisis y valoración de datos",""
"000000416","000000409","","","","",""
"000000417","","","ger","Allgemein","",""
"000000417","","","spa","","Temas generales",""
"000000417","000000416","","","","",""
"000000418","","","ger","Klassifikation","",""
"000000418","","","spa","","Clasificación",""
"000000418","000000416","","","","",""
"000000419","","","ger","Mathematische Methoden","",""
"000000419","","","spa","","Métodos matemáticos",""
"000000419","000000416","","","","",""
"000000420","","","ger","EDV, Simulation, Datenbank","",""
"000000420","","","spa","","Informática, Bancos de datos",""
"000000420","000000416","","","","",""
"000000378","","","ger","Wirtschaft u. Landwirtschaft","",""
"000000378","","","spa","","Economía y agricultura",""
"000000378","000000373","","","","",""
"000000421","","","ger","Auswertung mit GIS-Programme","",""
"000000421","","","spa","","Valoraciones con programas S.I.G.",""
"000000421","000000420","","","","",""
"000000422","","","ger","Naturwissenschaftliche Untersuchungen","",""
"000000422","","","spa","","Ciencias naturales aplicadas",""
"000000422","000000409","","","","",""
"000000423","","","ger","allgemein","",""
"000000423","","","spa","","Generalidades",""
"000000423","000000422","","","","",""
"000000424","","","ger","Datierung","",""
"000000424","","","spa","","Dataciones",""
"000000424","000000422","","","","",""
"000000425","","","ger","Allgemein, Theorie","",""
"000000425","","","spa","","Generalidades, teoría",""
"000000425","000000424","","","","",""
"000000426","","","ger","Dendrochronologie","",""
"000000426","","","spa","","Dendrocronología",""
"000000426","000000424","","","","",""
"000000379","","","ger","Religion u. Philosophie","",""
"000000379","","","spa","","Religión y filosofía",""
"000000379","000000371","","","","",""
"000000427","","","ger","Radioaktiver Zerfall (C 14, Argon-Carbon...)","",""
"000000427","","","spa","","Análisis C 14",""
"000000427","000000424","","","","",""
"000000428","","","ger","Archäomagnetismus","",""
"000000428","","","spa","","Arqueomagnetismo",""
"000000428","000000424","","","","",""
"000000433","","","ger","Demographie","",""
"000000433","","","spa","","Demografía",""
"000000433","000000431","","","","",""
"000000434","","","ger","Pathologie","",""
"000000434","","","spa","","Patología",""
"000000434","000000431","","","","",""
"000000435","","","ger","DNA Analysen","",""
"000000435","","","spa","","Análisis ADN",""
"000000435","000000431","","","","",""
"000000429","","","ger","Thermolumineszenz","",""
"000000429","","","spa","","Termoluminiscencia",""
"000000429","000000424","","","","",""
"000000430","","","ger","Erdwissenschaften (Geologie, Geographie, s. auch Küstenforschung)","",""
"000000430","","","spa","","Geología, sedimentología, análisis de fosfatos, etc...",""
"000000430","000000422","","","","",""
"000000431","","","ger","Anthropologie","",""
"000000431","","","spa","","Antropología",""
"000000431","000000422","","","","",""
"000000432","","","ger","Allgemein","",""
"000000432","","","spa","","Temas generales",""
"000000432","000000431","","","","",""
"000000437","","","ger","Kanibalismus","",""
"000000437","","","spa","","Canibalismo",""
"000000437","000000431","","","","",""
"000000438","","","ger","Totenverbrennung","",""
"000000438","","","spa","","Cremación, incineración, etc.",""
"000000438","000000431","","","","",""
"000000439","","","ger","Frühmenschen","",""
"000000439","","","spa","","Hombre primitivo",""
"000000439","000000431","","","","",""
"000000440","","","ger","'Altpaläolithische' (Homo erectus, etc.)","",""
"000000440","","","spa","","Paleolítico Superior (Homo erectus, etc.)",""
"000000440","000000439","","","","",""
"000000441","","","ger","'Mittelpaläolithische' (Steinheimer, Neandertaler, etc.)","",""
"000000441","","","spa","","Paleolítico Medio (Steinheimer, Neandertaler, etc.)",""
"000000441","000000439","","","","",""
"000000442","","","ger","'Jungpaläolithische', Homo sapiens, sapiens (Cro-Magnon, etc.)","",""
"000000442","","","spa","","Palelítico Inferior, Homo sapines, sapiens (Cro-Magnon, etc.)",""
"000000442","000000439","","","","",""
"000000443","","","ger","Geschlecht spezifisches Verhaltung","",""
"000000443","","","spa","","Comportamientos / Actividades específicas de cada género",""
"000000443","000000431","","","","",""
"000000380","","","ger","Landeskunde","",""
"000000380","","","spa","","Arqueología espacial",""
"000000380","000000371","","","","",""
"000000445","","","ger","Allgemein","",""
"000000445","","","spa","","Temas generales",""
"000000445","000000444","","","","",""
"000000450","","","ger","Fische","",""
"000000450","","","spa","","Peces",""
"000000450","000000444","","","","",""
"000000451","","","ger","Amphibien, Reptilien, Vögel","",""
"000000451","","","spa","","Anfibios, Reptiles, Pájaros",""
"000000451","000000444","","","","",""
"000000452","","","ger","Säugetiere","",""
"000000452","","","spa","","Mamíferos",""
"000000452","000000444","","","","",""
"000000453","","","ger","Große Säugetiere","",""
"000000453","","","spa","","Grandes mamíferos",""
"000000453","000000452","","","","",""
"000000454","","","ger","Kleinsäuger","",""
"000000454","","","spa","","Pequeños mamíferos",""
"000000454","000000452","","","","",""
"000000455","","","ger","Gebrauchspuren an Knochen (Schnitt-, Biss-)","",""
"000000455","","","spa","","Huellas en huesos (cortes, mordiscos,...)",""
"000000455","000000444","","","","",""
"000000456","","","ger","Botanik","",""
"000000456","","","spa","","Botánica",""
"000000456","000000422","","","","",""
"000000457","","","ger","Allgemein","",""
"000000457","","","spa","","Temas generales",""
"000000457","000000456","","","","",""
"000000458","","","ger","Palynologie","",""
"000000458","","","spa","","Palinología",""
"000000458","000000456","","","","",""
"000000459","","","ger","Grossrest- und Holzkohleanalysen","",""
"000000459","","","spa","","Antracología y otros restos botánicos",""
"000000459","000000456","","","","",""
"000000460","","","ger","Kultivierung","",""
"000000460","","","spa","","Agricultura",""
"000000460","000000456","","","","",""
"000000461","","","ger","Astronomie","",""
"000000461","","","spa","","Astronomía",""
"000000461","000000422","","","","",""
"000000462","","","ger","Technologie und Materialkunde","",""
"000000462","","","spa","","Tecnología y Materiales",""
"000000462","000000409","","","","",""
"000000463","","","ger","Allgemein (auch Gebrauchsspurenanalysen)","",""
"000000463","","","spa","","General (también análisis de vestigios de uso)",""
"000000463","000000462","","","","",""
"000000464","","","ger","Stein, Petrographie, Mineralogie","",""
"000000464","","","spa","","Piedra, petrografía, mineralogía",""
"000000464","000000462","","","","",""
"000000465","","","ger","Holz","",""
"000000465","","","spa","","Madera",""
"000000465","000000462","","","","",""
"000000466","","","ger","Keramik","",""
"000000466","","","spa","","Cerámica",""
"000000466","000000462","","","","",""
"000000467","","","ger","Herstellungstechnik, Mineralogie...","",""
"000000467","","","spa","","Técnicas, mineralogía, ...",""
"000000467","000000466","","","","",""
"000000446","","","ger","Domestikation, Transhumanz","",""
"000000446","","","spa","","Domesticación",""
"000000446","000000444","","","","",""
"000000468","","","ger","Gefäßinhalte","",""
"000000468","","","spa","","Contenido de los recipientes",""
"000000468","000000466","","","","",""
"000000469","","","ger","Metall","",""
"000000469","","","spa","","Metal",""
"000000469","000000462","","","","",""
"000000470","","","ger","Allgemein","",""
"000000470","","","spa","","Temas generales",""
"000000470","000000469","","","","",""
"000000471","","","ger","Gold","",""
"000000471","","","spa","","Oro",""
"000000471","000000469","","","","",""
"000000472","","","ger","Silber","",""
"000000472","","","spa","","Plata",""
"000000472","000000469","","","","",""
"000000473","","","ger","Kupfer/Bronze","",""
"000000473","","","spa","","Cobre / Bronce",""
"000000473","000000469","","","","",""
"000000474","","","ger","Eisen","",""
"000000474","","","spa","","Hierro",""
"000000474","000000469","","","","",""
"000000444","","","ger","Zoologie","",""
"000000444","","","spa","","Zoología",""
"000000444","000000422","","","","",""
"000000475","","","ger","Zinn","",""
"000000475","","","spa","","Zinc",""
"000000475","000000469","","","","",""
"000000476","","","ger","Glas","",""
"000000476","","","spa","","Vidrio",""
"000000476","000000462","","","","",""
"000000477","","","ger","Textilien","",""
"000000477","","","spa","","Textiles",""
"000000477","000000462","","","","",""
"000000478","","","ger","Knochen, Elfenbein, Molluskenschalen","",""
"000000478","","","spa","","Hueso, marfil, conchas de moluscos",""
"000000478","000000462","","","","",""
"000000479","","","ger","Bernstein","",""
"000000479","","","spa","","Ambar",""
"000000479","000000462","","","","",""
"000000480","","","ger","Interdisziplinäre Untersuchungen","",""
"000000480","","","spa","","Investigaciones interdisciplinares",""
"000000480","000000409","","","","",""
"000000481","","","ger","Experimentelle Archäologie und Ethno(archäo)logie","",""
"000000481","","","spa","","Arqueología experimental y Etnología",""
"000000481","000000480","","","","",""
"000000482","","","ger","Küstenforschung, Geoarchäologie","",""
"000000482","","","spa","","Investigaciones costeras, Geoarqueología",""
"000000482","000000480","","","","",""
"000000483","","","ger","Unterwasserarchäologie","",""
"000000483","","","spa","","Arqueología subacuática",""
"000000483","000000480","","","","",""
"000000484","","","ger","Umwelt (Paläoklima, Paläoökologie...)","",""
"000000484","","","spa","","Paleoambiente",""
"000000484","000000480","","","","",""
"000000485","","","ger","Taphonomie","",""
"000000485","","","spa","","Tafonomía",""
"000000485","000000480","","","","",""
"000000486","","","ger","Konservierung","",""
"000000486","","","spa","","Conservación",""
"000000486","000000409","","","","",""
"000000487","","","ger","Allgemein","",""
"000000487","","","spa","","Temas generales",""
"000000487","000000486","","","","",""
"000000488","","","ger","Denkmäler und Bodendenkmäler","",""
"000000488","","","spa","","Monumentos artísticos y arqueológicos",""
"000000488","000000486","","","","",""
"000000447","","","ger","Jagd","",""
"000000447","","","spa","","Caza",""
"000000447","000000444","","","","",""
"000000489","","","ger","Funde","",""
"000000489","","","spa","","Hallazgos",""
"000000489","000000486","","","","",""
"000000490","","","ger","Fotographie","",""
"000000490","","","spa","","Fotografía",""
"000000490","000000486","","","","",""
"000000491","","","ger","Sprachwissenschaft","",""
"000000491","","","spa","","Lingüística",""
"000000491","000000409","","","","",""
"000000448","","","ger","Paläontologie","",""
"000000448","","","spa","","Paleontología",""
"000000448","000000444","","","","",""
"000000449","","","ger","Mollusken","",""
"000000449","","","spa","","Moluscos",""
"000000449","000000444","","","","",""
"000000500","","","ger","Iberische Halbinsel","",""
"000000500","","","spa","","Iberische Halbinsel (spa)",""
"000001000","","","ger","Thesaurus Eurasien-Abteilung","",""
"000001001","","","ger","Karten/Stadtpläne","",""
"000001001","000001000","","","","",""
"000001002","","","ger","Reiseführer","",""
"000001002","000001000","","","","",""
"000001003","","","ger","Kataloge","",""
"000001003","000001000","","","","",""
"000001004","","","ger","Allgemeines","",""
"000001004","000001000","","","","",""
"000001005","","","ger","Handbücher","",""
"000001005","000001004","","","","",""
"000001006","","","ger","Forschungsgeschichte","",""
"000001006","000001004","","","","",""
"000001007","","","ger","Theorie und Methodik","",""
"000001007","000001004","","","","",""
"000001008","","","ger","Lexika/Nachschlagewerke","",""
"000001008","000001004","","","","",""
"000001009","","","ger","Fachlexika","",""
"000001009","000001008","","","","",""
"000001010","","","ger","Ortsverzeichnisse","",""
"000001010","000001008","","","","",""
"000001011","","","ger","Bibliographien","",""
"000001011","000001004","","","","",""
"000001012","","","ger","Biographien/Nekrologe","",""
"000001012","000001004","","","","",""
"000001013","","","ger","Nachbarwissenschaften","",""
"000001013","000001004","","","","",""
"000001014","","","ger","Onomastik","",""
"000001014","000001013","","","","",""
"000001015","","","ger","Geologie","",""
"000001015","000001013","","","","",""